Avoir,aurais eu,aurais eu,aurait eu,aurait eu,aurions eu,auriez eu,auraient eu,auraient eu
Être,aurais été,aurais été,aurait été,aurait été,aurions été,auriez été,auraient été,auraient été
Aller,serais allé,serait allé,serait allé,serait allée,serions allés,seriez allés,seraient allés,seraient allées
Faire,aurais fait,aurais fait,aurait fait,aurait fait,aurions fait,auriez fait,auraient fait,auraient fait
Pouvoir,aurais pu,aurais pu,aurait pu,aurait pu,aurions pu,auriez pu,auraient pu,auraient pu
Mettre,aurais mis,aurais mis,aurait mis,aurait mis,aurions mis,auriez mis,auraient mis,auraient mis
Dire,aurais dit,aurais dit,aurait dit,aurait dit,aurions dit,auriez dit,auraient dit,auraient dit
Devoir,aurais dû,aurais dû,aurait dû,aurait dû,aurions dû,auriez dû,auraient dû,auraient dû
Prendre,aurais pris,aurais pris,aurait pris,aurait pris,aurions pris,auriez pris,auraient pris,auraient pris
Donner,aurais donné,aurais donné,aurait donné,aurait donné,aurions donné,auriez donné,auraient donné,auraient donné
Vouloir,aurais voulu,aurais voulu,aurait voulu,aurait voulu,aurions voulu,auriez voulu,auraient voulu,auraient voulu
Savoir,aurais su,aurais su,aurait su,aurait su,aurions su,auriez su,auraient su,auraient su
Voir,aurais vu,aurais vu,aurait vu,aurait vu,aurions vu,auriez vu,auraient su,auraient su
Demander,aurais demandé,aurais demandé,aurait demandé,aurait demandé,aurions demandé,auriez demandé,auraient demandé,auraient demandé
Trouver,aurais trouvé,aurais trouvé,aurait trouvé,aurait trouvé,aurions trouvé,auriez trouvé,auraient trouvé,auraient trouvé
Rendre,aurais rendu,aurais rendu,aurait rendu,aurait rendu,aurions rendu,auriez rendu,auraient rendu,auraient rendu
Venir,serais venu,serait venu,serait venu,serait venue,serions venus,seriez venus,seraient venus,seraient venues
Passer,aurais passé,aurais passé,aurait passé,aurait passé,aurions passé,auriez passé,auraient passé,auraient passé
Comprendre,aurais compris,aurais compris,aurait compris,aurait compris,aurions compris,auriez compris,auraient compris,auraient compris
Rester,serais resté,serait resté,serait resté,serait restée,serions restés,seriez restés,seraient restés,seraient restées
Tenir,aurais tenu,aurais tenu,aurait tenu,aurait tenu,aurions tenu,auriez tenu,auraient tenu,auraient tenu
Porter,aurais porté,aurais porté,aurait porté,aurait porté,aurions porté,auriez porté,auraient porté,auraient porté
Parler,aurais parlé,aurais parlé,aurait parlé,aurait parlé,aurions parlé,auriez parlé,auraient parlé,auraient parlé
Montrer,aurais montré,aurais montré,aurait montré,aurait montré,aurions montré,auriez montré,auraient montré,auraient montré
Continuer,aurais continué,aurais continué,aurait continué,aurait continué,aurions continué,auriez continué,auraient continué,auraient continué
Penser,aurais pensé,aurais pensé,aurait pensé,aurait pensé,aurions pensé,auriez pensé,auraient pensé,auraient pensé
Suivre,aurais suivi,aurais suivi,aurait suivi,aurait suivi,aurions suivi,auriez suivi,auraient suivi,auraient suivi
Connaître,aurais connu,aurais connu,aurait connu,aurait connu,aurions connu,auriez connu,auraient connu,auraient connu
Croire,aurais cru,aurais cru,aurait cru,aurait cru,aurions cru,auriez cru,auraient cru,auraient cru
Commencer,aurais commencé,aurais commencé,aurait commencé,aurait commencé,aurions commencé,auriez commencé,auraient commencé,auraient commencé
Compter,aurais compté,aurais compté,aurait compté,aurait compté,aurions compté,auriez compté,auraient compté,auraient compté
Entendre,aurais entendu,aurais entendu,aurait entendu,aurait entendu,aurions entendu,auriez entendu,auraient entendu,auraient entendu
Attendre,aurais attendu,aurais attendu,aurait attendu,aurait attendu,aurions attendu,auriez attendu,auraient attendu,auraient attendu
Remettre,aurais remis,aurais remis,aurait remis,aurait remis,aurions remis,auriez remis,auraient remis,auraient remis
Appeler,aurais appelé,aurais appelé,aurait appelé,aurait appelé,aurions appelé,auriez appelé,auraient appelé,auraient appelé
Permettre,aurais permis,aurais permis,aurait permis,aurait permis,aurions permis,auriez permis,auraient permis,auraient permis
Occuper,aurais occupé,aurais occupé,aurait occupé,aurait occupé,aurions occupé,auriez occupé,auraient occupé,auraient occupé
Devenir,serais devenu,serait devenu,serait devenu,serait devenue,serions devenus,seriez devenus,seraient devenus,seraient devenues
Partir,serais parti,serait parti,serait parti,serait partie,serions partis,seriez partis,seraient partis,seraient parties
Décider,aurais décidé,aurais décidé,aurait décidé,aurait décidé,aurions décidé,auriez décidé,auraient décidé,auraient décidé
Arriver,serais arrivé,serait arrivé,serait arrivé,serait arrivée,serions arrivés,seriez arrivés,seraient arrivés,seraient arrivées
Servir,aurais servi,aurais servi,aurait servi,aurait servi,aurions servi,auriez servi,auraient servi,auraient servi
Sembler,aurais semblé,aurais semblé,aurait semblé,aurait semblé,aurions semblé,auriez semblé,auraient semblé,auraient semblé
Revenir,serais revenu,serait revenu,serait revenu,serait revenue,serions revenus,seriez revenus,seraient revenus,seraient revenues
Laisser,aurais laissé,aurais laissé,aurait laissé,aurait laissé,aurions laissé,auriez laissé,auraient laissé,auraient laissé
Recevoir,aurais reçu,aurais reçu,aurait reçu,aurait reçu,aurions reçu,auriez reçu,auraient reçu,auraient reçu
Répondre,aurais répondu,aurais répondu,aurait répondu,aurait répondu,aurions répondu,auriez répondu,auraient répondu,auraient répondu
Vivre,aurais vécu,aurais vécu,aurait vécu,aurait vécu,aurions vécu,auriez vécu,auraient vécu,auraient vécu
Rappeler,aurais rappelé,aurais rappelé,aurait rappelé,aurait rappelé,aurions rappelé,auriez rappelé,auraient rappelé,auraient rappelé
Présenter,aurais présenté, aurais présenté, aurait présenté, aurait présenté, aurions présenté, auriez présenté, auraient présenté, auraient présenté
Accepter,aurais accepté, aurais accepté, aurait accepté, aurait accepté, aurions accepté, auriez accepté, auraient accepté, auraient accepté
Agir,aurais agi, aurais agi,aurait agi, aurait agi, aurions agi, auriez agi, auraient agi, auraient agi
Poser, aurais posé, aurais posé, aurait posé, aurait posé, aurions posé, auriez posé, auraient posé, auraient posé
Jouer, aurais joué, aurais joué, aurait joué, aurait joué, aurions joué, auriez joué, auraient joué, auraient joué
Reconnaître,aurais reconnu,aurais reconnu,aurait reconnu,aurait reconnu,aurions reconnu,auriez reconnu,auraient reconnu,auraient reconnu
Choisir, aurais choisi, aurais choisi, aurait choisi, aurait choisi, aurions choisi, auriez choisi, auraient choisi, auraient choisi
Toucher, aurais touché, aurais touché, aurait touché, aurait touché, aurions touché, auriez touché, auraient touché, auraient touché
Aimer, aurais aimé, aurais aimé, aurait aimé, aurait aimé, aurions aimé, auriez aimé, auraient aimé, auraient aimé
Retrouver,aurais retrouvé,aurais retrouvé,aurait retrouvé,aurait retrouvé,aurions retrouvé,auriez retrouvé,auraient retrouvé,auraient retrouvé
Perdre, aurais perdu, aurais perdu, aurait perdu, aurait perdu, aurions perdu, auriez perdu, auraient perdu, auraient perdu
Expliquer, aurais expliqué, aurais expliqué, aurait expliqué, aurait expliqué, aurions expliqué, auriez expliqué, auraient expliqué, auraient expliqué
Considérer, aurais considéré, aurais considéré, aurait considéré, aurait considéré, aurions considéré, auriez considéré, auraient considéré, auraient considéré
Ouvrir, aurais ouvert, aurais ouvert, aurait ouvert, aurait ouvert, aurions ouvert, auriez ouvert, auraient ouvert, auraient ouvert
Gagner, aurais gagné, aurais gagné, aurait gagné, aurait gagné, aurions gagné, auriez gagné, auraient gagné, auraient gagné
Exister, aurais existé, aurais existé, aurait existé, aurait existé, aurions existé, auriez existé, auraient existé, auraient existé
Refuser, aurais refusé, aurais refusé, aurait refusé, aurait refusé, aurions refusé, auriez refusé, auraient refusé, auraient refusé
Lire, aurais lu, aurais lu, aurait lu, aurait lu, aurions lu, auriez lu, auraient lu, auraient lu
Réussir, aurais réussi, aurais réussi, aurait réussi, aurait réussi, aurions réussi, auriez réussi, auraient réussi, auraient réussi
Changer, aurais changé, aurais changé, aurait changé, aurait changé, aurions changé, auriez changé, auraient changé, auraient changé
Travailler, aurais travaillé, aurais travaillé, aurait travaillé, aurait travaillé, aurions travaillé, auriez travaillé, auraient travaillé, auraient travaillé
Représenter,aurais représenté, aurais représenté, aurait représenté, aurait représenté, aurions représenté, auriez représenté, auraient représenté, auraient représenté
Assurer, aurais assuré, aurais assuré, aurait assuré, aurait assuré, aurions assuré, auriez assuré, auraient assuré, auraient assuré
Essayer, aurais essayé, aurais essayé, aurait essayé, aurait essayé, aurions essayé, auriez essayé, auraient essayé, auraient essayé
Empêcher, aurais empêché, aurais empêché, aurait empêché, aurait empêché, aurions empêché, auriez empêché, auraient empêché, auraient empêché
Sortir, serais sorti, serait sorti, serait sorti, serait sortie, serions sortis, seriez sortis, seraient sortis, seraient sorties
Reprendre,aurais repris,aurais repris,aurait repris,aurait repris,aurions repris,auriez repris,auraient repris,auraient repris
Mener, aurais mené, aurais mené, aurait mené, aurait mené, aurions mené, auriez mené, auraient mené, auraient mené
Appartenir, aurais appartenu, aurais appartenu, aurait appartenu, aurait appartenu, aurions appartenu, auriez appartenu, auraient appartenu, auraient appartenu
Risquer, aurais risqué, aurais risqué, aurait risqué, aurait risqué, aurions risqué, auriez risqué, auraient risqué, auraient risqué
Concerner, aurais concerné, aurais concerné, aurait concerné, aurait concerné, aurions concerné, auriez concerné, auraient concerné, auraient concerné
Apprendre, aurais appris, aurais appris, aurait appris, aurait appris, aurions appris, auriez appris, auraient appris, auraient appris
Rencontrer, aurais rencontré, aurais rencontré, aurait rencontré, aurait rencontré, aurions rencontré, auriez rencontré, auraient rencontré, auraient rencontré
Créer, aurais créé, aurais créé, aurait créé, aurait créé, aurions créé, auriez créé, auraient créé, auraient créé
Obtenir, aurais obtenu, aurais obtenu, aurait obtenu, aurait obtenu, aurions obtenu, auriez obtenu, auraient obtenu, auraient obtenu
Chercher, aurais cherché, aurais cherché, aurait cherché, aurait cherché, aurions cherché, auriez cherché, auraient cherché, auraient cherché
Entrer, serais entré, serait entré, serait entré, serait entrée, serions entrés, seriez entrés, seraient entrés, seraient entrées
Proposer, aurais proposé, aurais proposé, aurait proposé, aurait proposé, aurions proposé, auriez proposé, auraient proposé, auraient proposé
Apporter, aurais apporté, aurais apporté, aurait apporté, aurait apporté, aurions apporté, auriez apporté, auraient apporté, auraient apporté
Utiliser, aurais utilisé, aurais utilisé, aurait utilisé, aurait utilisé, aurions utilisé, auriez utilisé, auraient utilisé, auraient utilisé
Atteindre, aurais atteint, aurais atteint, aurait atteint, aurait atteint, aurions atteint, auriez atteint, auraient atteint, auraient atteint
Tenter, aurais tenté, aurais tenté, aurait tenté, aurait tenté, aurions tenté, auriez tenté, auraient tenté, auraient tenté
Importer, aurais importé, aurais importé, aurait importé, aurait importé, aurions importé, auriez importé, auraient importé, auraient importé
Ajouter, aurais ajouté, aurais ajouté, aurait ajouté, aurait ajouté, aurions ajouté, auriez ajouté, auraient ajouté, auraient ajouté
Produire, aurais produit, aurais produit, aurait produit, aurait produit, aurions produit, auriez produit, auraient produit, auraient produit
Préparer, aurais préparé, aurais préparé, aurait préparé, aurait préparé, aurions préparé, auriez préparé, auraient préparé, auraient préparé
Relever, aurais relevé, aurais relevé, aurait relevé, aurait relevé, aurions relevé, auriez relevé, auraient relevé, auraient relevé
Écrire, aurais écrit, aurais écrit, aurait écrit, aurait écrit, aurions écrit, auriez écrit, auraient écrit, auraient écrit
Défendre, aurais défendu, aurais défendu, aurait défendu, aurait défendu, aurions défendu, auriez défendu, auraient défendu, auraient défendu
Tirer, aurais tiré, aurais tiré, aurait tiré, aurait tiré, aurions tiré, auriez tiré, auraient tiré, auraient tiré
S'éloigner, me serais éloigné, te serait éloigné, se serait éloigné, se serait éloigné, nous serions éloignés, vous seriez éloigné, se seraient éloignés, se seraient éloignés
S'appeler, me serais appelé, te serait appelé, se serait appelé, se serait appelée, nous serions appelés, vous seriez appelés, se seraient appelés, se seraient appelées
S'asseoir, me serais assis, te serait assis, se serait assis, se serait assise, nous serions assis, vous seriez assis, se seraient assis, se seraient assises
S'arrêter, me serais arrêté, te serait arrêté, se serait arrêté, se serait arrêtée, nous serions arrêtés, vous seriez arrêtés, se seraient arrêtés, se seraient arrêtées
S'avancer, me serais avancé, te serait avancé, se serait avancé, se serait avancée, nous serions avancés, vous seriez avancés, se seraient avancés, se seraient avancées
S'habiller, me serais habillé, te serait habillé, se serait habillé, se serait habillée, nous serions habillés, vous seriez habillés, se seraient habillés, se seraient habillées
Se coucher, me serais couché, te serait couché, se serait couché, se serait couchée, nous serions couchés, vous seriez couchés, se seraient couchés, se seraient couchées
Se cacher, me serais caché, te serait caché, se serait caché, se serait cachée, nous serions cachés, vous seriez cachés, se seraient caché, se seraient cachées
Se blesser, me serais blessé, te serait blessé, se serait blessé, se serait blessées, nous serions blessés, vous seriez blessés, se seraient blessés, se seraient blessées
Se distraire, me serais distrait, te serait distrait, se serait distrait, se serait distraite, nous serions distraits, vous seriez distraits, se seraient distraits, se seraient distraites  
Se doucher, me serais douché, te serait douché, se serait douché, se serait douchée, nous serions douchés, vous seriez douchés, se seraient douchés, se seraient douchées
S'ennuyer, me serais ennuyé, te serait ennuyé, se serait ennuyé, se serait ennuyée, nous serions ennuyés, vous seriez ennuyés, se seraient ennuyé, se seraient ennuyées
Se laver, me serais lavé, te serait lavé, se serait lavé, se serait lavée, nous serions lavés, vous seriez lavés, se seraient lavés, se seraient lavées
Se marier, me serais marié, te serait marié, se serait marié, se serait mariée, nous serions mariés, vous seriez mariés, se seraient mariés, se seraient mariées
Se préparer, me serais préparé, te serait préparé, se serait préparé, se serait préparée, nous serions préparés, vous seriez préparés, se seraient préparés, se seraient préparées
Se promener, me serais promené, te serait promené, se serait promené, se serait promenée, nous serions promenés, vous seriez promenés, se seraient promenés, se seraient promenées
Se réveiller, me serais réveillé, te serait réveillé, se serait réveillé, se serait réveillée, nous serions réveillés, vous seriez réveillés, se seraient réveillés, se seraient réveillées
Se transformer, me serais transformé, te serait transformé, se serait transformé, se serait transformée, nous serions transformés, vous seriez transformés, se seraient transformés, se seraient transformées
Se tromper, me serais trompé, te serait trompé, se serait trompé, se serait trompée, nous serions trompés, vous seriez trompés, se seraient trompés, se seraient trompées